Full Name,Gender,Date of Birth,Email,Phone Number,Alternate Phone,Address,Nationality,Marital Status,Occupation,Company Name,Salary,PAN Number,Aadhaar Number,Passport Number,Driving License,Blood Group,Education,Languages Known,Hobbies,Emergency Contact
Kimaya Shenoy,Female,15-03-1971,shraymander@singhal-gulati.com,9.13834E+11,6417401803,"30/08, Kant Road, Fatehpur 477006",Indian,Married,Musician,Chaudry PLC,"₹495,523 per annum",TLRXR85769,5.87513E+11,Y8525016,MH12 20971067413,B+,MBA,"Marathi, Kannada, English","Traveling, Reading",Fateh Shah - 00232661974
Kashvi Deep,Male,19-01-1977,lakshay31@hotmail.com,9.10409E+11,8910872423,"H.No. 895, Khurana Circle, Amritsar 215254",Indian,Single,Sales promotion account executive,"Gade, Khosla and Ahuja","₹918,967 per annum",KEGUD82239,1.77268E+11,R5776879,MH12 25721403587,AB+,B.Sc,"Tamil, Hindi, Marathi","Trekking, Reading",Neysa Rau - 5536237619
Indrajit Chaudhry,Male,08-04-1995,dalalmamooty@atwal-sridhar.com,5078710082,9.14115E+11,"82, Kurian Nagar, Solapur 576551",Indian,Married,Environmental consultant,"Sodhi, Raval and Taneja","₹982,105 per annum",SVEYX87624,6.38449E+11,N8964520,MH12 28822335137,AB-,M.Sc,"Kannada, Hindi, English","Music, Photography",Manikya Butala - 09115732266
Lakshay Sinha,Male,01-08-2000,gulativeer@gmail.com,7774252356,479313437,"10, Saraf Nagar, North Dumdum 501592",Indian,Single,Analytical chemist,Hayer-Suri,"₹1,177,134 per annum",PWJSK67766,2.16009E+11,H2864721,MH12 27115144815,O+,B.E.,"Marathi, Telugu, English","Traveling, Reading",Ryan Swaminathan - 02397252870
Dharmajan Desai,Male,25-08-1992,anahita42@yahoo.com,2392971935,7377266752,"51, Wable Chowk, Jorhat-520031",Indian,Married,Operations geologist,"Sidhu, Vala and Anand","₹1,230,043 per annum",SAYMG56112,7.44056E+11,S2139705,MH12 26262084265,B+,MBA,"Marathi, English, Kannada","Traveling, Reading",Lakshay Garde - +915329555575
Mahika Varghese,Female,26-05-1988,myra06@hotmail.com,5677815230,5985022134,"H.No. 198, Vyas Chowk, Hyderabad 438121",Indian,Single,Wellsite geologist,"Vala, Dugar and Shukla","₹1,418,886 per annum",QWFRU70036,8.84277E+11,L0170526,MH12 24830562879,B-,BCA,"Marathi, Telugu, Kannada","Gaming, Trekking",Himmat Mangal - 09536656843
Seher Bumb,Male,30-04-1987,kismatkalla@gmail.com,3279541173,9.19072E+11,"H.No. 22, Ganesan Marg, Indore-624427",Indian,Single,Educational psychologist,Bhalla Ltd,"₹1,116,033 per annum",YPDTO48199,1.11737E+11,B6025977,MH12 25729152875,B-,MCA,"Marathi, Tamil, English","Reading, Trekking",Khushi Lad - +916605491159
Inaaya  Sundaram,Male,07-06-1985,tejas45@dey.net,6968551738,9.18455E+11,"17/14, Behl Marg, Ambala 609115",Indian,Single,Risk manager,"Kari, Vala and Sant","₹1,493,541 per annum",SSSBW63983,3.37023E+11,F4803549,MH12 28218898060,AB-,M.Tech,"Marathi, Tamil, English","Traveling, Gaming",Vanya Jani - 00722781777
Damini Mahal,Female,30-10-1999,charvi26@samra.com,9.12206E+11,5783412437,"79, Wable, Karnal 571828",Indian,Married,Leisure centre manager,Dass LLC,"₹616,573 per annum",WYUVA08401,3.24456E+11,Z6523993,MH12 28049387824,B+,B.Sc,"Hindi, Kannada, Marathi","Traveling, Gaming",Aayush Golla - 7557449752
Samiha Rajagopalan,Female,25-08-1964,lkurian@dhar.com,8488916523,5140596461,"293, Dewan Nagar, Dehradun-120504",Indian,Married,Water quality scientist,Chokshi-Sandal,"₹1,146,184 per annum",ABDMB15094,7.19889E+11,P2428569,MH12 25073019437,A-,B.Tech,"Telugu, English, Tamil","Reading, Music",Lakshit Bhatnagar - 0164212634
Nayantara Mangal,Male,31-10-1971,vardaniya00@ray.org,8114229116,9.14828E+11,"761, Aggarwal Ganj, Jhansi-177755",Indian,Single,Bonds trader,Mangat Ltd,"₹540,584 per annum",XOAXL33001,4.01639E+11,J5432488,MH12 27055594024,A+,MBA,"Kannada, Tamil, Hindi","Music, Traveling",Ishita Rege - 07514119417
Yashvi Shanker,Male,28-01-1968,osabharwal@bath.com,3323882052,8092107290,"H.No. 123, Biswas Marg, Unnao-320282",Indian,Single,Veterinary surgeon,"Kulkarni, Srivastava and Loke","₹1,460,333 per annum",CJFYA91855,3.96928E+11,J6737647,MH12 29911697149,O-,M.E.,"English, Kannada, Telugu","Gaming, Photography",Jiya Borah - 00526759848
Anaya Kalla,Male,04-03-1973,sethprisha@yahoo.com,3568086011,9844347806,"42/173, Buch Circle, Ghaziabad-654663",Indian,Single,Museum education officer,Bhatnagar-Mand,"₹1,371,409 per annum",URSKG93275,9.22405E+11,R9404843,MH12 22726865083,B+,BCA,"Tamil, Marathi, Hindi","Photography, Reading",Biju Dewan - 2111912603
Ivan Krishnamurthy,Male,26-03-1971,trisha90@sankar-guha.com,6275285439,8992365495,"50, Bir Chowk, Gurgaon 062129",Indian,Single,Clinical research associate,Chada-Aggarwal,"₹698,541 per annum",SRJTO39876,1.43242E+11,H5428064,MH12 21969249001,AB+,M.Tech,"Hindi, Telugu, Tamil","Trekking, Gaming",Nitya Basu - 6229288144
Vardaniya Tripathi,Female,30-03-2001,dharlavanya@yahoo.com,2706708059,1797529567,"H.No. 44, Deep Circle, Phagwara 900393",Indian,Single,"Engineer, maintenance (IT)","Cherian, Sem and Sangha","₹739,740 per annum",FDTKO51199,6.87997E+11,W1961272,MH12 22615821949,A+,B.E.,"Telugu, Hindi, Tamil","Traveling, Reading",Zoya Gole - +915010234440
Shaan Dhaliwal,Male,02-05-1987,tailorsamaira@buch.biz,6062698657,9.15266E+11,"99/02, Dave Path, Sultan Pur Majra 506066",Indian,Married,Educational psychologist,Desai-Ram,"₹831,445 per annum",QKEUF58130,1.77622E+11,M3120185,MH12 29079767356,A-,B.Tech,"Kannada, Tamil, Marathi","Traveling, Trekking",Jiya Chana - 06303177044
Kartik Arya,Female,25-03-1967,drishya91@yahoo.com,7786301611,9.19017E+11,"588, Shukla Street, Ballia-182349",Indian,Single,"Psychologist, counselling",Salvi-Sule,"₹889,550 per annum",PTYQC89301,8.28638E+11,V8437493,MH12 23812668791,AB-,B.Tech,"Marathi, Telugu, Kannada","Reading, Trekking",Aarush Karnik - +914978559097
Hunar Sarraf,Male,02-09-1984,salvinirvi@kar.com,9.17854E+11,3978976559,"47/72, Khare, Nangloi Jat 377956",Indian,Married,"Programme researcher, broadcasting/film/video",Sami PLC,"₹1,275,348 per annum",HTCYK63429,1.04024E+11,S5202229,MH12 24004361716,AB+,M.E.,"Hindi, Kannada, Marathi","Photography, Trekking",Ryan Sundaram - 4738670732
Samarth Walia,Female,09-07-1982,myrasavant@yahoo.com,3862329621,6776267353,"200, Ghosh Path, Gurgaon-612600",Indian,Single,Secretary/administrator,"Vala, Ramakrishnan and Bansal","₹670,146 per annum",AWPES52361,5.35983E+11,F8234126,MH12 20695450442,B-,B.Tech,"Telugu, Hindi, Marathi","Gaming, Music",Drishya Rao - 09553828560
Indrans Dash,Female,10-03-1982,tara18@yahoo.com,8227359929,9.14797E+11,"H.No. 17, Ramanathan Road, Howrah-223904",Indian,Married,"Sound technician, broadcasting/film/video","Rau, Arya and Swamy","₹997,540 per annum",ZGGLA53437,6.46736E+11,U2893709,MH12 27933494565,A-,B.Sc,"Telugu, Kannada, English","Trekking, Reading",Parinaaz Ramaswamy - +916205437139
Anaya Bains,Male,13-11-1965,purab49@bandi-ranganathan.biz,2920974671,2409168189,"H.No. 86, Balakrishnan Ganj, Saharanpur-078604",Indian,Married,Diagnostic radiographer,Kala-Sem,"₹661,794 per annum",JDFMH06217,9.35639E+11,K5694066,MH12 28581002124,O+,B.Tech,"Hindi, Telugu, Marathi","Traveling, Trekking",Fateh Sekhon - +912382034254
Yuvaan Butala,Male,23-02-2001,aryavivaan@hotmail.com,4148873604,5445392588,"H.No. 759, Lalla Street, Hubli–Dharwad-524595",Indian,Married,"Scientist, water quality","Khosla, Garg and Kala","₹1,250,450 per annum",NRWUK86410,8.54667E+11,M8591859,MH12 20042717537,B-,MCA,"Kannada, Tamil, Marathi","Reading, Music",Navya Bava - 8423694641
Heer Sane,Female,21-04-1974,farhan20@hotmail.com,1077224280,9.14767E+11,"H.No. 05, Kibe Nagar, Chinsurah-184908",Indian,Married,Sales executive,Manne and Sons,"₹1,069,391 per annum",XGVRB08926,2.4595E+11,M1704222,MH12 25036989517,B-,MCA,"Marathi, Kannada, Hindi","Trekking, Music",Nirvi Kakar - 6659155998
Emir Gokhale,Male,18-07-1987,walisamaira@shankar.com,6529248399,9.12238E+11,"H.No. 643, Sharaf, Loni-128416",Indian,Married,Music therapist,Agrawal-Jani,"₹806,529 per annum",HYVVX77391,2.41353E+11,E1776710,MH12 27587065237,B-,B.E.,"Telugu, Tamil, Kannada","Music, Traveling",Devansh Kibe - +918714315183
Kaira Sehgal,Female,04-03-1967,ranaazad@sama.org,9.14719E+11,2423102429,"13, Deshpande Chowk, Junagadh-084745",Indian,Single,"Designer, interior/spatial",Agrawal-Bhatti,"₹750,738 per annum",LEFUH02180,1.4023E+11,T7405449,MH12 27685173831,B+,M.Sc,"Kannada, Marathi, English","Reading, Photography",Parinaaz Devan - 06045466795
Shaan Verma,Female,09-05-1983,bhagatehsaan@hotmail.com,6731311159,154054048,"13, Tara Path, Silchar 034177",Indian,Single,General practice doctor,Balan LLC,"₹939,393 per annum",DOPDW04777,3.36099E+11,O0353979,MH12 25669237335,O+,B.Tech,"Telugu, Tamil, Marathi","Gaming, Music",Vaibhav Mallick - 04697555031
Hazel Iyengar,Male,07-12-1998,yuvraj-90@khosla-gandhi.com,3405515831,3084744348,"51/273, Jaggi Road, Proddatur-218718",Indian,Married,"Engineer, structural",Mani-Vig,"₹406,242 per annum",AUURS51248,8.23467E+11,P4048582,MH12 27281742151,AB-,B.Tech,"Marathi, Tamil, Kannada","Music, Reading",Kimaya Garde - 0730626419
Ishaan Kant,Female,04-04-2002,purab51@gmail.com,9.15787E+11,2879317956,"H.No. 33, Kar Nagar, Danapur 268148",Indian,Married,Prison officer,Shenoy-Agate,"₹666,745 per annum",AWFSP15404,3.60358E+11,I7326481,MH12 21773334996,B+,B.E.,"Telugu, Marathi, English","Music, Photography",Samarth Goswami - 05693533809
Vaibhav Buch,Male,20-10-1979,ykrishnan@dyal.biz,1663572321,9640407341,"H.No. 34, Rana, Srinagar-083234",Indian,Single,Land/geomatics surveyor,Mandal-Mangat,"₹1,361,929 per annum",EYKLY40810,7.21857E+11,C5219956,MH12 21242576056,B+,B.Sc,"Marathi, Telugu, Kannada","Reading, Photography",Nitara Barad - 5173374032
Emir Roy,Female,07-10-1980,zsahota@gmail.com,2528361743,9.16595E+11,"55/98, Mann, Loni-501360",Indian,Single,Therapeutic radiographer,"Chandran, Suri and Rajagopalan","₹632,280 per annum",DDSAI93049,4.47955E+11,M9168255,MH12 24260568721,A-,MBA,"Tamil, Kannada, Telugu","Photography, Traveling",Eva Ghosh - 3408112193
Vidur Atwal,Male,11-05-1985,parinaazaurora@dugar.com,9.12841E+11,9.10247E+11,"39/89, Golla Street, Chandigarh 713558",Indian,Married,Higher education lecturer,"Dua, Lad and Sodhi","₹940,079 per annum",AONLU89327,9.07323E+11,G6435726,MH12 21270384983,A-,BCA,"Kannada, Hindi, Marathi","Gaming, Music",Elakshi Sridhar - +915444004768
Nakul Bhat,Female,04-06-1975,fshroff@hotmail.com,9.17081E+11,1934914747,"97/49, Tata Ganj, Serampore-495296",Indian,Single,Radiation protection practitioner,"Majumdar, Handa and Sahni","₹776,820 per annum",UHQWF25420,1.89892E+11,E7878170,MH12 24792203932,O+,B.Tech,"English, Telugu, Hindi","Photography, Reading",Seher Subramaniam - +914501261497
Jayant Kumar,Male,03-06-1982,ssankar@yahoo.com,9.16641E+11,9.19588E+11,"588, Goel Nagar, Bhind-881545",Indian,Single,"Education officer, museum","Srinivasan, Devan and Cherian","₹647,761 per annum",PMBFT25196,5.34716E+11,O3244491,MH12 25381565415,B+,M.E.,"Hindi, Marathi, Telugu","Gaming, Trekking",Siya Deshpande - +914422942881
Adah Bhatnagar,Female,06-01-2002,krishsubramanian@gmail.com,9.10289E+11,9.18253E+11,"076, Butala Nagar, Imphal-936679",Indian,Married,Financial adviser,"Karnik, Bhatia and Ganguly","₹427,356 per annum",CEQFN51467,4.2858E+11,T6123292,MH12 22869881888,A+,B.Sc,"Telugu, Hindi, Marathi","Trekking, Music",Darshit Devi - +914837627352
Ojas Ram,Male,31-01-1993,yashvi64@hotmail.com,5737501359,3939149582,"85, Tiwari, Naihati 372942",Indian,Married,Chartered public finance accountant,Lad-Loke,"₹625,701 per annum",HMFGL53149,4.31847E+11,U1422267,MH12 29949561608,A+,MCA,"Telugu, Tamil, Kannada","Gaming, Traveling",Pranay De - 02219308686
Vritika Mangal,Male,15-12-1975,riyabora@balasubramanian-bhardwaj.info,70857414,6265457510,"H.No. 28, Contractor Chowk, Asansol 626951",Indian,Single,"Investment banker, corporate",Mani Inc,"₹810,162 per annum",SYPPP55474,4.7062E+11,I9302620,MH12 20848510073,A-,MBA,"English, Marathi, Telugu","Trekking, Gaming",Bhamini Seshadri - 4471720472
Tiya Sule,Female,21-12-1985,hdey@yahoo.com,2576678696,9.17912E+11,"078, Bali Marg, Purnia 811122",Indian,Married,Acupuncturist,Raval PLC,"₹665,251 per annum",SRZEG16317,3.09558E+11,J5560739,MH12 25415226134,A-,MBA,"Marathi, English, Hindi","Reading, Trekking",Mamooty Lanka - +915744273578
Ira Sood,Male,10-11-1968,mallickrania@rau.net,146183357,9.194E+11,"H.No. 73, Mall Nagar, Miryalaguda 268493",Indian,Married,Technical brewer,"Rau, Samra and Anne","₹722,423 per annum",APFVD96742,4.3335E+11,U8272101,MH12 20810862088,B-,M.Tech,"Kannada, Telugu, Marathi","Photography, Gaming",Pranay Saxena - 07080303111
Jhanvi Rao,Male,11-12-1966,dugarhazel@yahoo.com,3158198476,4055488121,"H.No. 49, Sama Nagar, Kishanganj-477665",Indian,Single,Facilities manager,Chandran and Sons,"₹918,389 per annum",DLMFJ22051,1.13043E+11,B5772469,MH12 23341625686,A-,BCA,"Telugu, Kannada, Hindi","Gaming, Reading",Nitya Saraf - 9212368643
Renee Deshpande,Male,01-06-1998,emir92@yahoo.com,4904018154,669879828,"H.No. 181, Sani Path, Saharsa-588509",Indian,Married,Cabin crew,Lalla LLC,"₹969,913 per annum",KPEMD24538,5.95011E+11,S5122568,MH12 26988593013,B+,B.Tech,"English, Telugu, Kannada","Gaming, Photography",Nirvaan Balasubramanian - 01035750428
Hridaan Sunder,Female,22-05-2003,lshere@yahoo.com,7815559483,9.18222E+11,"H.No. 03, Kurian Street, Vadodara 249548",Indian,Single,Sub,Bhalla Inc,"₹1,384,255 per annum",USUZH44448,8.78497E+11,J4795935,MH12 20591842571,O+,B.Tech,"Marathi, Tamil, English","Trekking, Photography",Hrishita Mahajan - 05498866171
Anaya Das,Female,13-05-1977,vgolla@sabharwal.info,613245423,9.167E+11,"H.No. 50, Ahluwalia Chowk, Kamarhati-076426",Indian,Single,Ceramics designer,"Raval, Bakshi and Shanker","₹1,425,370 per annum",PTZTQ72491,4.95175E+11,Z1380362,MH12 21727031219,B-,M.Tech,"Kannada, Hindi, Tamil","Reading, Music",Stuvan Dhillon - 4045010089
Shlok Baria,Male,17-07-1996,tarankapadia@hotmail.com,9.18938E+11,9.15086E+11,"39/47, Loke Nagar, Pondicherry-619945",Indian,Single,Medical technical officer,Kapur Inc,"₹1,308,073 per annum",CWWEF95152,4.76682E+11,T4871537,MH12 29824939369,O+,B.Tech,"Tamil, Hindi, Marathi","Music, Trekking",Farhan Gola - +911524539533
Rasha Agrawal,Female,02-07-1970,sridharadvik@hotmail.com,64628954,5065884454,"449, Luthra Circle, Aurangabad-200893",Indian,Single,"Research officer, trade union","Varty, Walia and Tandon","₹1,448,084 per annum",YSPGJ35036,1.57656E+11,B9013310,MH12 27940663015,AB-,M.E.,"Kannada, Hindi, English","Photography, Gaming",Shayak Malhotra - 08513415331
Miraya Lalla,Male,17-06-1982,misharandhawa@sur-sood.com,816149486,7800803994,"10/42, Kanda Chowk, Agartala 112080",Indian,Single,Furniture designer,Lal PLC,"₹1,327,171 per annum",WCPNE18500,2.23941E+11,M8894437,MH12 27954925736,O+,B.Sc,"Marathi, English, Tamil","Reading, Photography",Hridaan Ganesan - 05176097762
Emir Subramaniam,Male,24-11-1977,hsamra@bains.info,6644220018,9.16425E+11,"H.No. 05, Rout Zila, Nashik-292822",Indian,Single,Musician,Devan Inc,"₹961,273 per annum",KDPNM85738,8.50372E+11,P6502887,MH12 27341736505,B-,MBA,"Telugu, Marathi, Tamil","Photography, Trekking",Zoya Joshi - +910134955839
Suhana Bhattacharyya,Male,26-06-1968,desaikeya@yahoo.com,9.18419E+11,6766870281,"H.No. 308, Bawa Zila, Dehradun 734939",Indian,Single,"Programmer, systems",Kale-Yogi,"₹941,300 per annum",WODAN05522,7.97276E+11,Y1141871,MH12 27933091229,O-,B.E.,"Tamil, Marathi, English","Reading, Trekking",Pranay Gupta - 09275451502
Nirvi Saran,Male,14-04-1982,wadhwaanika@yahoo.com,7162912085,9.18489E+11,"35/04, Bhatia, Amritsar 944227",Indian,Married,"Education officer, museum","Kota, Majumdar and Brahmbhatt","₹951,477 per annum",ELZMK87103,4.77754E+11,B5553966,MH12 23340411278,B+,MBA,"Kannada, English, Marathi","Music, Gaming",Parinaaz Kulkarni - 3626542648
Vardaniya Kala,Male,11-09-1992,bathuthkarsh@chad.biz,9.18184E+11,26361679,"49/49, Grewal Circle, Rajkot-715177",Indian,Married,Industrial/product designer,Kapoor Inc,"₹916,842 per annum",EHUJS61120,7.47743E+11,A8966978,MH12 22694338608,B+,M.Sc,"Hindi, Telugu, Marathi","Trekking, Photography",Myra Bava - 3441888165
Azad Bora,Female,31-03-1998,wkonda@ahluwalia.com,9610231573,3381175858,"H.No. 68, Kurian Road, Kumbakonam-591655",Indian,Single,Phytotherapist,Jani-Dewan,"₹1,417,200 per annum",UZHIU39236,2.93503E+11,T4581469,MH12 27804821077,AB-,MCA,"Telugu, Kannada, Marathi","Photography, Traveling",Zoya Contractor - 07692508311
